movie_name,user_name,rating,genre
Lệnh Truy Nã Đỏ,SnoopyStyle,5,"Action, Comedy, Crime"
Lệnh Truy Nã Đỏ,Prismark10,7,"Action, Comedy, Crime"
Lệnh Truy Nã Đỏ,kosmasp,7,"Action, Comedy, Crime"
Lệnh Truy Nã Đỏ,classicsoncall,7,"Action, Comedy, Crime"
Lệnh Truy Nã Đỏ,Tweekums,7,"Action, Comedy, Crime"
Lệnh Truy Nã Đỏ,paul_haakonsen,8,"Action, Comedy, Crime"
Lệnh Truy Nã Đỏ,blanche-2,7,"Action, Comedy, Crime"
Lệnh Truy Nã Đỏ,Calicodreamin,5,"Action, Comedy, Crime"
Lệnh Truy Nã Đỏ,trashgang,6,"Action, Comedy, Crime"
Lệnh Truy Nã Đỏ,siderite,7,"Action, Comedy, Crime"
Lệnh Truy Nã Đỏ,cricketbat,6,"Action, Comedy, Crime"
Lệnh Truy Nã Đỏ,Numberis6,3,"Action, Comedy, Crime"
Lệnh Truy Nã Đỏ,The-Sarkologist,7,"Action, Comedy, Crime"
Lệnh Truy Nã Đỏ,ops-52535,7,"Action, Comedy, Crime"
Lệnh Truy Nã Đỏ,cruise01,10,"Action, Comedy, Crime"
Lệnh Truy Nã Đỏ,eddie_baggins,3,"Action, Comedy, Crime"
Lệnh Truy Nã Đỏ,Top_Dawg_Critic,8,"Action, Comedy, Crime"
Lệnh Truy Nã Đỏ,digitalbeachbum,1,"Action, Comedy, Crime"
Lệnh Truy Nã Đỏ,SAMTHEBESTEST,6,"Action, Comedy, Crime"
Lệnh Truy Nã Đỏ,imseeg,8,"Action, Comedy, Crime"
Lệnh Truy Nã Đỏ,gwnightscream,6,"Action, Comedy, Crime"
Lệnh Truy Nã Đỏ,lisafordeay,6,"Action, Comedy, Crime"
Lệnh Truy Nã Đỏ,lisafordeay,6,"Action, Comedy, Crime"
Lệnh Truy Nã Đỏ,subxerogravity,7,"Action, Comedy, Crime"
Lệnh Truy Nã Đỏ,JoBloTheMovieCritic,5,"Action, Comedy, Crime"
Shang-Chi Và Huyền Thoại Thập Luân,boblipton,6,"Action, Adventure, Fantasy"
Shang-Chi Và Huyền Thoại Thập Luân,nogodnomasters,10,"Action, Adventure, Fantasy"
Shang-Chi Và Huyền Thoại Thập Luân,kosmasp,9,"Action, Adventure, Fantasy"
Shang-Chi Và Huyền Thoại Thập Luân,Sleepin_Dragon,9,"Action, Adventure, Fantasy"
Shang-Chi Và Huyền Thoại Thập Luân,classicsoncall,7,"Action, Adventure, Fantasy"
Shang-Chi Và Huyền Thoại Thập Luân,jboothmillard,6,"Action, Adventure, Fantasy"
Shang-Chi Và Huyền Thoại Thập Luân,paul_haakonsen,9,"Action, Adventure, Fantasy"
Shang-Chi Và Huyền Thoại Thập Luân,TBJCSKCNRRQTreviews,8,"Action, Adventure, Fantasy"
Shang-Chi Và Huyền Thoại Thập Luân,view_and_review,6,"Action, Adventure, Fantasy"
Shang-Chi Và Huyền Thoại Thập Luân,neil-476,8,"Action, Adventure, Fantasy"
Shang-Chi Và Huyền Thoại Thập Luân,trashgang,7,"Action, Adventure, Fantasy"
Shang-Chi Và Huyền Thoại Thập Luân,lasttimeisaw,7,"Action, Adventure, Fantasy"
Shang-Chi Và Huyền Thoại Thập Luân,cherold,8,"Action, Adventure, Fantasy"
Shang-Chi Và Huyền Thoại Thập Luân,FeastMode,9,"Action, Adventure, Fantasy"
Shang-Chi Và Huyền Thoại Thập Luân,Pjtaylor-96-138044,7,"Action, Adventure, Fantasy"
Shang-Chi Và Huyền Thoại Thập Luân,Edvis-1997,7,"Action, Adventure, Fantasy"
Shang-Chi Và Huyền Thoại Thập Luân,ThomasDrufke,9,"Action, Adventure, Fantasy"
Shang-Chi Và Huyền Thoại Thập Luân,ericstevenson,9,"Action, Adventure, Fantasy"
Shang-Chi Và Huyền Thoại Thập Luân,cricketbat,7,"Action, Adventure, Fantasy"
Shang-Chi Và Huyền Thoại Thập Luân,A_Different_Drummer,8,"Action, Adventure, Fantasy"
Shang-Chi Và Huyền Thoại Thập Luân,jack_o_hasanov_imdb,8,"Action, Adventure, Fantasy"
Shang-Chi Và Huyền Thoại Thập Luân,Numberis6,2,"Action, Adventure, Fantasy"
Chủng Tộc Bất Tử,kosmasp,8,"Action, Adventure, Fantasy"
Chủng Tộc Bất Tử,jboothmillard,6,"Action, Adventure, Fantasy"
Chủng Tộc Bất Tử,CinemaSerf,6,"Action, Adventure, Fantasy"
Chủng Tộc Bất Tử,TBJCSKCNRRQTreviews,8,"Action, Adventure, Fantasy"
Chủng Tộc Bất Tử,view_and_review,5,"Action, Adventure, Fantasy"
Chủng Tộc Bất Tử,neil-476,7,"Action, Adventure, Fantasy"
Chủng Tộc Bất Tử,blanbrn,4,"Action, Adventure, Fantasy"
Chủng Tộc Bất Tử,thesar-2,4,"Action, Adventure, Fantasy"
Chủng Tộc Bất Tử,FeastMode,5,"Action, Adventure, Fantasy"
Chủng Tộc Bất Tử,Edvis-1997,6,"Action, Adventure, Fantasy"
Chủng Tộc Bất Tử,ThomasDrufke,8,"Action, Adventure, Fantasy"
Chủng Tộc Bất Tử,cricketbat,4,"Action, Adventure, Fantasy"
Chủng Tộc Bất Tử,jack_o_hasanov_imdb,6,"Action, Adventure, Fantasy"
Chủng Tộc Bất Tử,The-Sarkologist,6,"Action, Adventure, Fantasy"
Chủng Tộc Bất Tử,UniqueParticle,9,"Action, Adventure, Fantasy"
Chủng Tộc Bất Tử,Thanos_Alfie,7,"Action, Adventure, Fantasy"
Chủng Tộc Bất Tử,cruise01,8,"Action, Adventure, Fantasy"
Chủng Tộc Bất Tử,eddie_baggins,7,"Action, Adventure, Fantasy"
Chủng Tộc Bất Tử,SAMTHEBESTEST,5,"Action, Adventure, Fantasy"
Chủng Tộc Bất Tử,southdavid,6,"Action, Adventure, Fantasy"
Chủng Tộc Bất Tử,subxerogravity,7,"Action, Adventure, Fantasy"
Chủng Tộc Bất Tử,DarkVulcan29,7,"Action, Adventure, Fantasy"
Chủng Tộc Bất Tử,kevin_robbins,5,"Action, Adventure, Fantasy"
Hành Tinh Cát,MartinHafer,7,"Action, Adventure, Drama"
Hành Tinh Cát,SnoopyStyle,8,"Action, Adventure, Drama"
Hành Tinh Cát,Hitchcoc,8,"Action, Adventure, Drama"
Hành Tinh Cát,Horst_In_Translation,6,"Action, Adventure, Drama"
Hành Tinh Cát,nogodnomasters,8,"Action, Adventure, Drama"
Hành Tinh Cát,Sleepin_Dragon,10,"Action, Adventure, Drama"
Hành Tinh Cát,classicsoncall,9,"Action, Adventure, Drama"
Hành Tinh Cát,lee_eisenberg,8,"Action, Adventure, Drama"
Hành Tinh Cát,jboothmillard,7,"Action, Adventure, Drama"
Hành Tinh Cát,paul_haakonsen,6,"Action, Adventure, Drama"
Hành Tinh Cát,CinemaSerf,7,"Action, Adventure, Drama"
Hành Tinh Cát,zardoz-13,10,"Action, Adventure, Drama"
Hành Tinh Cát,evanston_dad,4,"Action, Adventure, Drama"
Hành Tinh Cát,neil-476,8,"Action, Adventure, Drama"
Hành Tinh Cát,ferguson-6,7,"Action, Adventure, Drama"
Hành Tinh Cát,morrison-dylan-fan,10,"Action, Adventure, Drama"
Hành Tinh Cát,deloudelouvain,8,"Action, Adventure, Drama"
Hành Tinh Cát,siderite,8,"Action, Adventure, Drama"
Hành Tinh Cát,thesar-2,4,"Action, Adventure, Drama"
Hành Tinh Cát,cherold,3,"Action, Adventure, Drama"
Hành Tinh Cát,FeastMode,7,"Action, Adventure, Drama"
Hành Tinh Cát,jack_o_hasanov_imdb,9,"Action, Adventure, Drama"
Không Phải Lúc Chết,SnoopyStyle,7,"Action, Adventure, Thriller"
Không Phải Lúc Chết,Horst_In_Translation,6,"Action, Adventure, Thriller"
Không Phải Lúc Chết,Prismark10,8,"Action, Adventure, Thriller"
Không Phải Lúc Chết,nogodnomasters,5,"Action, Adventure, Thriller"
Không Phải Lúc Chết,kosmasp,9,"Action, Adventure, Thriller"
Không Phải Lúc Chết,Sleepin_Dragon,8,"Action, Adventure, Thriller"
Không Phải Lúc Chết,jboothmillard,7,"Action, Adventure, Thriller"
Không Phải Lúc Chết,searchanddestroy-1,7,"Action, Adventure, Thriller"
Không Phải Lúc Chết,zardoz-13,5,"Action, Adventure, Thriller"
Không Phải Lúc Chết,george.schmidt,9,"Action, Adventure, Thriller"
Không Phải Lúc Chết,neil-476,10,"Action, Adventure, Thriller"
Không Phải Lúc Chết,gridoon2021,6,"Action, Adventure, Thriller"
Không Phải Lúc Chết,ferguson-6,8,"Action, Adventure, Thriller"
Không Phải Lúc Chết,bombersflyup,5,"Action, Adventure, Thriller"
Không Phải Lúc Chết,mm-39,7,"Action, Adventure, Thriller"
Không Phải Lúc Chết,Mr-Fusion,8,"Action, Adventure, Thriller"
Không Phải Lúc Chết,DKosty123,8,"Action, Adventure, Thriller"
Không Phải Lúc Chết,lasttimeisaw,7,"Action, Adventure, Thriller"
Không Phải Lúc Chết,thesar-2,2,"Action, Adventure, Thriller"
Không Phải Lúc Chết,FeastMode,4,"Action, Adventure, Thriller"
Không Phải Lúc Chết,wellthatswhatithinkanyway,9,"Action, Adventure, Thriller"
Không Phải Lúc Chết,MOscarbradley,9,"Action, Adventure, Thriller"
Không Phải Lúc Chết,dromasca,7,"Action, Adventure, Thriller"
Không Phải Lúc Chết,ThomasDrufke,10,"Action, Adventure, Thriller"
Thám Hiểm Rừng Xanh,SnoopyStyle,6,"Action, Adventure, Comedy"
Thám Hiểm Rừng Xanh,Prismark10,6,"Action, Adventure, Comedy"
Thám Hiểm Rừng Xanh,nogodnomasters,8,"Action, Adventure, Comedy"
Thám Hiểm Rừng Xanh,kosmasp,8,"Action, Adventure, Comedy"
Thám Hiểm Rừng Xanh,classicsoncall,7,"Action, Adventure, Comedy"
Thám Hiểm Rừng Xanh,lee_eisenberg,5,"Action, Adventure, Comedy"
Thám Hiểm Rừng Xanh,jboothmillard,7,"Action, Adventure, Comedy"
Thám Hiểm Rừng Xanh,BA_Harrison,2,"Action, Adventure, Comedy"
Thám Hiểm Rừng Xanh,paul_haakonsen,7,"Action, Adventure, Comedy"
Thám Hiểm Rừng Xanh,tavm,7,"Action, Adventure, Comedy"
Thám Hiểm Rừng Xanh,studioAT,3,"Action, Adventure, Comedy"
Thám Hiểm Rừng Xanh,CinemaSerf,6,"Action, Adventure, Comedy"
Thám Hiểm Rừng Xanh,Calicodreamin,7,"Action, Adventure, Comedy"
Thám Hiểm Rừng Xanh,neil-476,7,"Action, Adventure, Comedy"
Thám Hiểm Rừng Xanh,FlashCallahan,7,"Action, Adventure, Comedy"
Thám Hiểm Rừng Xanh,deloudelouvain,7,"Action, Adventure, Comedy"
Thám Hiểm Rừng Xanh,FeastMode,5,"Action, Adventure, Comedy"
Thám Hiểm Rừng Xanh,ThomasDrufke,9,"Action, Adventure, Comedy"
Thám Hiểm Rừng Xanh,jack_o_hasanov_imdb,7,"Action, Adventure, Comedy"
Thám Hiểm Rừng Xanh,tabuno,8,"Action, Adventure, Comedy"
Thám Hiểm Rừng Xanh,nairtejas,7,"Action, Adventure, Comedy"
Thám Hiểm Rừng Xanh,UniqueParticle,9,"Action, Adventure, Comedy"
Thám Hiểm Rừng Xanh,Thanos_Alfie,6,"Action, Adventure, Comedy"
Vực Sâu Thù Hận,nogodnomasters,8,"Action, Drama, Western"
Vực Sâu Thù Hận,classicsoncall,8,"Action, Drama, Western"
Vực Sâu Thù Hận,Tweekums,9,"Action, Drama, Western"
Vực Sâu Thù Hận,searchanddestroy-1,5,"Action, Drama, Western"
Vực Sâu Thù Hận,CinemaSerf,6,"Action, Drama, Western"
Vực Sâu Thù Hận,851222,9,"Action, Drama, Western"
Vực Sâu Thù Hận,Top_Dawg_Critic,6,"Action, Drama, Western"
Vực Sâu Thù Hận,Ed-Shullivan,8,"Action, Drama, Western"
Vực Sâu Thù Hận,Turfseer,3,"Action, Drama, Western"
Vực Sâu Thù Hận,billcr12,6,"Action, Drama, Western"
Vực Sâu Thù Hận,kevin_robbins,7,"Action, Drama, Western"
Vực Sâu Thù Hận,stevendbeard,6,"Action, Drama, Western"
Vực Sâu Thù Hận,henry8-3,7,"Action, Drama, Western"
Vực Sâu Thù Hận,joiningjt,8,"Action, Drama, Western"
Vực Sâu Thù Hận,valleyjohn,8,"Action, Drama, Western"
Vực Sâu Thù Hận,gianmarcoronconi,10,"Action, Drama, Western"
Vực Sâu Thù Hận,Xstal,8,"Action, Drama, Western"
Vực Sâu Thù Hận,btreakle,8,"Action, Drama, Western"
Vực Sâu Thù Hận,IonicBreezeMachine,6,"Action, Drama, Western"
Vực Sâu Thù Hận,MadamWarden,6,"Action, Drama, Western"
Vực Sâu Thù Hận,Holt344,6,"Action, Drama, Western"
Vực Sâu Thù Hận,bankofmarquis,7,"Action, Drama, Western"
Vực Sâu Thù Hận,juanmuscle,10,"Action, Drama, Western"
Vực Sâu Thù Hận,HabibieHakim123,10,"Action, Drama, Western"
Vực Sâu Thù Hận,bob-the-movie-man,7,"Action, Drama, Western"
Ở Nhà Một Mình 6,kosmasp,5,"Action, Comedy, Family"
Ở Nhà Một Mình 6,Thanos_Alfie,2,"Action, Comedy, Family"
Ở Nhà Một Mình 6,digitalbeachbum,1,"Action, Comedy, Family"
Ở Nhà Một Mình 6,lisafordeay,4,"Action, Comedy, Family"
Ở Nhà Một Mình 6,subxerogravity,4,"Action, Comedy, Family"
Ở Nhà Một Mình 6,DarkVulcan29,3,"Action, Comedy, Family"
Ở Nhà Một Mình 6,MissSimonetta,1,"Action, Comedy, Family"
Ở Nhà Một Mình 6,aidanratesmovies,2,"Action, Comedy, Family"
Ở Nhà Một Mình 6,Pumpkin_Man,10,"Action, Comedy, Family"
Ở Nhà Một Mình 6,allanmichael30,1,"Action, Comedy, Family"
Ở Nhà Một Mình 6,HabibieHakim123,3,"Action, Comedy, Family"
Ở Nhà Một Mình 6,DarthVoorhees,2,"Action, Comedy, Family"
Ở Nhà Một Mình 6,legobuilderpro,3,"Action, Comedy, Family"
Ở Nhà Một Mình 6,chunkylefunga,3,"Action, Comedy, Family"
Ở Nhà Một Mình 6,lareval,1,"Action, Comedy, Family"
Ở Nhà Một Mình 6,Dark_Lord_Mark,2,"Action, Comedy, Family"
Ở Nhà Một Mình 6,jakethesnake-42007,1,"Action, Comedy, Family"
Ở Nhà Một Mình 6,twanster-97655,1,"Action, Comedy, Family"
Ở Nhà Một Mình 6,robawalker-77417,4,"Action, Comedy, Family"
Ở Nhà Một Mình 6,AdrenalinDragon,3,"Action, Comedy, Family"
Ở Nhà Một Mình 6,Neon_Gold,3,"Action, Comedy, Family"
Ở Nhà Một Mình 6,thepriceofpayne,4,"Action, Comedy, Family"
Ở Nhà Một Mình 6,rohanumpleby,4,"Action, Comedy, Family"
Ở Nhà Một Mình 6,chris_rowe-881-168820,7,"Action, Comedy, Family"
Ở Nhà Một Mình 6,gabethedinosaur,10,"Action, Comedy, Family"
Đội Quân Đạo Tặc,SnoopyStyle,6,"Action, Comedy, Crime"
Đội Quân Đạo Tặc,Prismark10,5,"Action, Comedy, Crime"
Đội Quân Đạo Tặc,paul_haakonsen,3,"Action, Comedy, Crime"
Đội Quân Đạo Tặc,Calicodreamin,5,"Action, Comedy, Crime"
Đội Quân Đạo Tặc,cricketbat,7,"Action, Comedy, Crime"
Đội Quân Đạo Tặc,ops-52535,5,"Action, Comedy, Crime"
Đội Quân Đạo Tặc,Top_Dawg_Critic,7,"Action, Comedy, Crime"
Đội Quân Đạo Tặc,Tweetienator,3,"Action, Comedy, Crime"
Đội Quân Đạo Tặc,digitalbeachbum,8,"Action, Comedy, Crime"
Đội Quân Đạo Tặc,kwenchow,1,"Action, Comedy, Crime"
Đội Quân Đạo Tặc,Pairic,7,"Action, Comedy, Crime"
Đội Quân Đạo Tặc,andrewchristianjr,8,"Action, Comedy, Crime"
Đội Quân Đạo Tặc,gianmarcoronconi,10,"Action, Comedy, Crime"
Đội Quân Đạo Tặc,arungeorge13,5,"Action, Comedy, Crime"
Đội Quân Đạo Tặc,Xstal,6,"Action, Comedy, Crime"
Đội Quân Đạo Tặc,IonicBreezeMachine,7,"Action, Comedy, Crime"
Đội Quân Đạo Tặc,MadamWarden,4,"Action, Comedy, Crime"
Đội Quân Đạo Tặc,thekarmicnomad,7,"Action, Comedy, Crime"
Đội Quân Đạo Tặc,Holt344,7,"Action, Comedy, Crime"
Đội Quân Đạo Tặc,HabibieHakim123,10,"Action, Comedy, Crime"
Đội Quân Đạo Tặc,bob-the-movie-man,8,"Action, Comedy, Crime"
Đội Quân Đạo Tặc,Sir_AmirSyarif,6,"Action, Comedy, Crime"
Đội Quân Đạo Tặc,Movi3DO,5,"Action, Comedy, Crime"
Đội Quân Đạo Tặc,Neptune165,4,"Action, Comedy, Crime"
Venom: Đối Mặt Tử Thù,SnoopyStyle,7,"Action, Adventure, Sci-Fi"
Venom: Đối Mặt Tử Thù,Prismark10,5,"Action, Adventure, Sci-Fi"
Venom: Đối Mặt Tử Thù,nogodnomasters,7,"Action, Adventure, Sci-Fi"
Venom: Đối Mặt Tử Thù,kosmasp,6,"Action, Adventure, Sci-Fi"
Venom: Đối Mặt Tử Thù,jboothmillard,5,"Action, Adventure, Sci-Fi"
Venom: Đối Mặt Tử Thù,paul_haakonsen,5,"Action, Adventure, Sci-Fi"
Venom: Đối Mặt Tử Thù,CinemaSerf,6,"Action, Adventure, Sci-Fi"
Venom: Đối Mặt Tử Thù,zardoz-13,10,"Action, Adventure, Sci-Fi"
Venom: Đối Mặt Tử Thù,TBJCSKCNRRQTreviews,7,"Action, Adventure, Sci-Fi"
Venom: Đối Mặt Tử Thù,view_and_review,3,"Action, Adventure, Sci-Fi"
Venom: Đối Mặt Tử Thù,neil-476,8,"Action, Adventure, Sci-Fi"
Venom: Đối Mặt Tử Thù,morrison-dylan-fan,6,"Action, Adventure, Sci-Fi"
Venom: Đối Mặt Tử Thù,siderite,5,"Action, Adventure, Sci-Fi"
Venom: Đối Mặt Tử Thù,thesar-2,7,"Action, Adventure, Sci-Fi"
Venom: Đối Mặt Tử Thù,FeastMode,6,"Action, Adventure, Sci-Fi"
Venom: Đối Mặt Tử Thù,Pjtaylor-96-138044,3,"Action, Adventure, Sci-Fi"
Venom: Đối Mặt Tử Thù,ericstevenson,8,"Action, Adventure, Sci-Fi"
Venom: Đối Mặt Tử Thù,cricketbat,4,"Action, Adventure, Sci-Fi"
Venom: Đối Mặt Tử Thù,jack_o_hasanov_imdb,6,"Action, Adventure, Sci-Fi"
Venom: Đối Mặt Tử Thù,UniqueParticle,9,"Action, Adventure, Sci-Fi"
Venom: Đối Mặt Tử Thù,Thanos_Alfie,7,"Action, Adventure, Sci-Fi"
Venom: Đối Mặt Tử Thù,cruise01,10,"Action, Adventure, Sci-Fi"
Venom: Đối Mặt Tử Thù,eddie_baggins,5,"Action, Adventure, Sci-Fi"
Venom: Đối Mặt Tử Thù,Top_Dawg_Critic,7,"Action, Adventure, Sci-Fi"
Giải Cứu 'Guy',SnoopyStyle,7,"Action, Adventure, Comedy"
Giải Cứu 'Guy',boblipton,7,"Action, Adventure, Comedy"
Giải Cứu 'Guy',Prismark10,7,"Action, Adventure, Comedy"
Giải Cứu 'Guy',nogodnomasters,8,"Action, Adventure, Comedy"
Giải Cứu 'Guy',kosmasp,9,"Action, Adventure, Comedy"
Giải Cứu 'Guy',Sleepin_Dragon,8,"Action, Adventure, Comedy"
Giải Cứu 'Guy',jboothmillard,7,"Action, Adventure, Comedy"
Giải Cứu 'Guy',paul_haakonsen,7,"Action, Adventure, Comedy"
Giải Cứu 'Guy',BandSAboutMovies,4,"Action, Adventure, Comedy"
Giải Cứu 'Guy',CinemaSerf,7,"Action, Adventure, Comedy"
Giải Cứu 'Guy',oscaralbert,9,"Action, Adventure, Comedy"
Giải Cứu 'Guy',neil-476,9,"Action, Adventure, Comedy"
Giải Cứu 'Guy',Mr-Fusion,7,"Action, Adventure, Comedy"
Giải Cứu 'Guy',siderite,7,"Action, Adventure, Comedy"
Giải Cứu 'Guy',thesar-2,8,"Action, Adventure, Comedy"
Giải Cứu 'Guy',cherold,8,"Action, Adventure, Comedy"
Giải Cứu 'Guy',Pjtaylor-96-138044,4,"Action, Adventure, Comedy"
Giải Cứu 'Guy',Edvis-1997,7,"Action, Adventure, Comedy"
Giải Cứu 'Guy',ericstevenson,9,"Action, Adventure, Comedy"
Giải Cứu 'Guy',A_Different_Drummer,10,"Action, Adventure, Comedy"
Giải Cứu 'Guy',jack_o_hasanov_imdb,7,"Action, Adventure, Comedy"
Giải Cứu 'Guy',westsideschl,10,"Action, Adventure, Comedy"
Giải Cứu 'Guy',atlasmb,10,"Action, Adventure, Comedy"
Xứ Cát,MartinHafer,1,"Action, Adventure, Sci-Fi"
Xứ Cát,TheLittleSongbird,4,"Action, Adventure, Sci-Fi"
Xứ Cát,bkoganbing,4,"Action, Adventure, Sci-Fi"
Xứ Cát,Leofwine_draca,4,"Action, Adventure, Sci-Fi"
Xứ Cát,SnoopyStyle,6,"Action, Adventure, Sci-Fi"
Xứ Cát,Sleepin_Dragon,8,"Action, Adventure, Sci-Fi"
Xứ Cát,classicsoncall,7,"Action, Adventure, Sci-Fi"
Xứ Cát,gavin6942,7,"Action, Adventure, Sci-Fi"
Xứ Cát,jboothmillard,4,"Action, Adventure, Sci-Fi"
Xứ Cát,Tweekums,6,"Action, Adventure, Sci-Fi"
Xứ Cát,paul_haakonsen,6,"Action, Adventure, Sci-Fi"
Xứ Cát,Quinoa1984,6,"Action, Adventure, Sci-Fi"
Xứ Cát,BandSAboutMovies,6,"Action, Adventure, Sci-Fi"
Xứ Cát,Scarecrow-88,7,"Action, Adventure, Sci-Fi"
Xứ Cát,CinemaSerf,6,"Action, Adventure, Sci-Fi"
Xứ Cát,preppy-3,2,"Action, Adventure, Sci-Fi"
Xứ Cát,poolandrews,5,"Action, Adventure, Sci-Fi"
Xứ Cát,utgard14,4,"Action, Adventure, Sci-Fi"
Xứ Cát,grantss,4,"Action, Adventure, Sci-Fi"
Xứ Cát,Boba_Fett1138,7,"Action, Adventure, Sci-Fi"
Xứ Cát,view_and_review,7,"Action, Adventure, Sci-Fi"
Xứ Cát,neil-476,7,"Action, Adventure, Sci-Fi"
Biệt Đội Săn Ma,TheLittleSongbird,8,"Action, Comedy, Fantasy"
Biệt Đội Săn Ma,bkoganbing,9,"Action, Comedy, Fantasy"
Biệt Đội Săn Ma,Leofwine_draca,10,"Action, Comedy, Fantasy"
Biệt Đội Săn Ma,SnoopyStyle,9,"Action, Comedy, Fantasy"
Biệt Đội Săn Ma,Hitchcoc,9,"Action, Comedy, Fantasy"
Biệt Đội Săn Ma,Horst_In_Translation,6,"Action, Comedy, Fantasy"
Biệt Đội Săn Ma,mark.waltz,8,"Action, Comedy, Fantasy"
Biệt Đội Săn Ma,classicsoncall,8,"Action, Comedy, Fantasy"
Biệt Đội Săn Ma,gavin6942,8,"Action, Comedy, Fantasy"
Biệt Đội Săn Ma,lee_eisenberg,10,"Action, Comedy, Fantasy"
Biệt Đội Săn Ma,jboothmillard,8,"Action, Comedy, Fantasy"
Biệt Đội Săn Ma,Woodyanders,10,"Action, Comedy, Fantasy"
Biệt Đội Săn Ma,ccthemovieman-1,9,"Action, Comedy, Fantasy"
Biệt Đội Săn Ma,Tweekums,9,"Action, Comedy, Fantasy"
Biệt Đội Săn Ma,ma-cortes,7,"Action, Comedy, Fantasy"
Biệt Đội Săn Ma,BA_Harrison,6,"Action, Comedy, Fantasy"
Biệt Đội Săn Ma,paul_haakonsen,7,"Action, Comedy, Fantasy"
Biệt Đội Săn Ma,Quinoa1984,10,"Action, Comedy, Fantasy"
Biệt Đội Săn Ma,BandSAboutMovies,8,"Action, Comedy, Fantasy"
Biệt Đội Săn Ma,Coventry,6,"Action, Comedy, Fantasy"
Biệt Đội Săn Ma,studioAT,3,"Action, Comedy, Fantasy"
Biệt Đội Săn Ma,sunwarrior13,10,"Action, Comedy, Fantasy"
Góa Phụ Đen,SnoopyStyle,8,"Action, Adventure, Sci-Fi"
Góa Phụ Đen,boblipton,7,"Action, Adventure, Sci-Fi"
Góa Phụ Đen,Prismark10,6,"Action, Adventure, Sci-Fi"
Góa Phụ Đen,nogodnomasters,8,"Action, Adventure, Sci-Fi"
Góa Phụ Đen,kosmasp,9,"Action, Adventure, Sci-Fi"
Góa Phụ Đen,classicsoncall,8,"Action, Adventure, Sci-Fi"
Góa Phụ Đen,jboothmillard,8,"Action, Adventure, Sci-Fi"
Góa Phụ Đen,paul_haakonsen,7,"Action, Adventure, Sci-Fi"
Góa Phụ Đen,CinemaSerf,7,"Action, Adventure, Sci-Fi"
Góa Phụ Đen,preppy-3,6,"Action, Adventure, Sci-Fi"
Góa Phụ Đen,Calicodreamin,6,"Action, Adventure, Sci-Fi"
Góa Phụ Đen,TBJCSKCNRRQTreviews,7,"Action, Adventure, Sci-Fi"
Góa Phụ Đen,neil-476,7,"Action, Adventure, Sci-Fi"
Góa Phụ Đen,AlsExGal,7,"Action, Adventure, Sci-Fi"
Góa Phụ Đen,morrison-dylan-fan,8,"Action, Adventure, Sci-Fi"
Góa Phụ Đen,trashgang,7,"Action, Adventure, Sci-Fi"
Góa Phụ Đen,siderite,7,"Action, Adventure, Sci-Fi"
Góa Phụ Đen,lasttimeisaw,7,"Action, Adventure, Sci-Fi"
Góa Phụ Đen,thesar-2,4,"Action, Adventure, Sci-Fi"
Góa Phụ Đen,cherold,7,"Action, Adventure, Sci-Fi"
Góa Phụ Đen,FeastMode,7,"Action, Adventure, Sci-Fi"
Góa Phụ Đen,Pjtaylor-96-138044,6,"Action, Adventure, Sci-Fi"
Góa Phụ Đen,dromasca,5,"Action, Adventure, Sci-Fi"
Trận Đấu Cuối Cùng,Horst_In_Translation,6,"Action, Drama, History"
Trận Đấu Cuối Cùng,kosmasp,10,"Action, Drama, History"
Trận Đấu Cuối Cùng,CinemaSerf,7,"Action, Drama, History"
Trận Đấu Cuối Cùng,mm-39,8,"Action, Drama, History"
Trận Đấu Cuối Cùng,jdesando,9,"Action, Drama, History"
Trận Đấu Cuối Cùng,dromasca,8,"Action, Drama, History"
Trận Đấu Cuối Cùng,UniqueParticle,9,"Action, Drama, History"
Trận Đấu Cuối Cùng,cruise01,7,"Action, Drama, History"
Trận Đấu Cuối Cùng,eddie_baggins,8,"Action, Drama, History"
Trận Đấu Cuối Cùng,Tweetienator,7,"Action, Drama, History"
Trận Đấu Cuối Cùng,JoBloTheMovieCritic,8,"Action, Drama, History"
Trận Đấu Cuối Cùng,stevendbeard,7,"Action, Drama, History"
Trận Đấu Cuối Cùng,pixrox1,8,"Action, Drama, History"
Trận Đấu Cuối Cùng,arthur_tafero,6,"Action, Drama, History"
Trận Đấu Cuối Cùng,masonsaul,9,"Action, Drama, History"
Trận Đấu Cuối Cùng,davidmvining,8,"Action, Drama, History"
Trận Đấu Cuối Cùng,rgkarim,8,"Action, Drama, History"
Trận Đấu Cuối Cùng,valadas,7,"Action, Drama, History"
Trận Đấu Cuối Cùng,Johnny-the-Film-Sentinel-2187,8,"Action, Drama, History"
Trận Đấu Cuối Cùng,Jeremy_Urquhart,9,"Action, Drama, History"
Trận Đấu Cuối Cùng,Anurag-Shetty,9,"Action, Drama, History"
Trận Đấu Cuối Cùng,bankofmarquis,6,"Action, Drama, History"
Suicide Squad: Điệp Vụ Cảm Tử,SnoopyStyle,8,"Action, Adventure, Comedy"
Suicide Squad: Điệp Vụ Cảm Tử,Prismark10,8,"Action, Adventure, Comedy"
Suicide Squad: Điệp Vụ Cảm Tử,nogodnomasters,10,"Action, Adventure, Comedy"
Suicide Squad: Điệp Vụ Cảm Tử,kosmasp,9,"Action, Adventure, Comedy"
Suicide Squad: Điệp Vụ Cảm Tử,Sleepin_Dragon,8,"Action, Adventure, Comedy"
Suicide Squad: Điệp Vụ Cảm Tử,classicsoncall,7,"Action, Adventure, Comedy"
Suicide Squad: Điệp Vụ Cảm Tử,jboothmillard,7,"Action, Adventure, Comedy"
Suicide Squad: Điệp Vụ Cảm Tử,BA_Harrison,8,"Action, Adventure, Comedy"
Suicide Squad: Điệp Vụ Cảm Tử,paul_haakonsen,6,"Action, Adventure, Comedy"
Suicide Squad: Điệp Vụ Cảm Tử,BandSAboutMovies,9,"Action, Adventure, Comedy"
Suicide Squad: Điệp Vụ Cảm Tử,CinemaSerf,6,"Action, Adventure, Comedy"
Suicide Squad: Điệp Vụ Cảm Tử,oscaralbert,9,"Action, Adventure, Comedy"
Suicide Squad: Điệp Vụ Cảm Tử,TBJCSKCNRRQTreviews,8,"Action, Adventure, Comedy"
Suicide Squad: Điệp Vụ Cảm Tử,george.schmidt,9,"Action, Adventure, Comedy"
Suicide Squad: Điệp Vụ Cảm Tử,neil-476,7,"Action, Adventure, Comedy"
Suicide Squad: Điệp Vụ Cảm Tử,morrison-dylan-fan,10,"Action, Adventure, Comedy"
Suicide Squad: Điệp Vụ Cảm Tử,blanbrn,7,"Action, Adventure, Comedy"
Suicide Squad: Điệp Vụ Cảm Tử,lasttimeisaw,7,"Action, Adventure, Comedy"
Suicide Squad: Điệp Vụ Cảm Tử,thesar-2,8,"Action, Adventure, Comedy"
Suicide Squad: Điệp Vụ Cảm Tử,cherold,9,"Action, Adventure, Comedy"
Suicide Squad: Điệp Vụ Cảm Tử,FeastMode,5,"Action, Adventure, Comedy"
Suicide Squad: Điệp Vụ Cảm Tử,Cineanalyst,7,"Action, Adventure, Comedy"
Vùng Đất Quỷ Dữ: Quỷ Dữ Trỗi Dậy,kosmasp,8,"Action, Horror, Sci-Fi"
Vùng Đất Quỷ Dữ: Quỷ Dữ Trỗi Dậy,zardoz-13,9,"Action, Horror, Sci-Fi"
Vùng Đất Quỷ Dữ: Quỷ Dữ Trỗi Dậy,cruise01,10,"Action, Horror, Sci-Fi"
Vùng Đất Quỷ Dữ: Quỷ Dữ Trỗi Dậy,stevendbeard,8,"Action, Horror, Sci-Fi"
Vùng Đất Quỷ Dữ: Quỷ Dữ Trỗi Dậy,tadpole-596-918256,7,"Action, Horror, Sci-Fi"
Vùng Đất Quỷ Dữ: Quỷ Dữ Trỗi Dậy,rgkarim,7,"Action, Horror, Sci-Fi"
Vùng Đất Quỷ Dữ: Quỷ Dữ Trỗi Dậy,hnt_dnl,6,"Action, Horror, Sci-Fi"
Vùng Đất Quỷ Dữ: Quỷ Dữ Trỗi Dậy,Movi3DO,5,"Action, Horror, Sci-Fi"
Vùng Đất Quỷ Dữ: Quỷ Dữ Trỗi Dậy,jp_91,4,"Action, Horror, Sci-Fi"
Vùng Đất Quỷ Dữ: Quỷ Dữ Trỗi Dậy,lareval,1,"Action, Horror, Sci-Fi"
Vùng Đất Quỷ Dữ: Quỷ Dữ Trỗi Dậy,kaefab,8,"Action, Horror, Sci-Fi"
Vùng Đất Quỷ Dữ: Quỷ Dữ Trỗi Dậy,statuskuo,1,"Action, Horror, Sci-Fi"
Vùng Đất Quỷ Dữ: Quỷ Dữ Trỗi Dậy,Xavier_Stone,1,"Action, Horror, Sci-Fi"
Vùng Đất Quỷ Dữ: Quỷ Dữ Trỗi Dậy,darkreignn,9,"Action, Horror, Sci-Fi"
Vùng Đất Quỷ Dữ: Quỷ Dữ Trỗi Dậy,tresm87,5,"Action, Horror, Sci-Fi"
Vùng Đất Quỷ Dữ: Quỷ Dữ Trỗi Dậy,nixflixnpix,7,"Action, Horror, Sci-Fi"
Vùng Đất Quỷ Dữ: Quỷ Dữ Trỗi Dậy,influxtwo,5,"Action, Horror, Sci-Fi"
Vùng Đất Quỷ Dữ: Quỷ Dữ Trỗi Dậy,bigbadbassface,6,"Action, Horror, Sci-Fi"
Vùng Đất Quỷ Dữ: Quỷ Dữ Trỗi Dậy,eprusulis,3,"Action, Horror, Sci-Fi"
Vùng Đất Quỷ Dữ: Quỷ Dữ Trỗi Dậy,lawrencelawrence86,2,"Action, Horror, Sci-Fi"
Vùng Đất Quỷ Dữ: Quỷ Dữ Trỗi Dậy,benjaminskylerhill,3,"Action, Horror, Sci-Fi"
Vùng Đất Quỷ Dữ: Quỷ Dữ Trỗi Dậy,bbevis-47954,6,"Action, Horror, Sci-Fi"
Vùng Đất Quỷ Dữ: Quỷ Dữ Trỗi Dậy,Rastifan,5,"Action, Horror, Sci-Fi"
Vùng Đất Quỷ Dữ: Quỷ Dữ Trỗi Dậy,Almost_Soldout,1,"Action, Horror, Sci-Fi"
Vùng Đất Quỷ Dữ: Quỷ Dữ Trỗi Dậy,DUTCHY_BOY_1,3,"Action, Horror, Sci-Fi"
Bóng Ma,TheLittleSongbird,5,"Action, Adventure, Thriller"
Bóng Ma,Leofwine_draca,7,"Action, Adventure, Thriller"
Bóng Ma,SnoopyStyle,7,"Action, Adventure, Thriller"
Bóng Ma,Horst_In_Translation,6,"Action, Adventure, Thriller"
Bóng Ma,claudio_carvalho,7,"Action, Adventure, Thriller"
Bóng Ma,nogodnomasters,10,"Action, Adventure, Thriller"
Bóng Ma,kosmasp,7,"Action, Adventure, Thriller"
Bóng Ma,Sleepin_Dragon,8,"Action, Adventure, Thriller"
Bóng Ma,classicsoncall,7,"Action, Adventure, Thriller"
Bóng Ma,gavin6942,7,"Action, Adventure, Thriller"
Bóng Ma,lee_eisenberg,1,"Action, Adventure, Thriller"
Bóng Ma,jboothmillard,7,"Action, Adventure, Thriller"
Bóng Ma,Tweekums,10,"Action, Adventure, Thriller"
Bóng Ma,ma-cortes,7,"Action, Adventure, Thriller"
Bóng Ma,BA_Harrison,5,"Action, Adventure, Thriller"
Bóng Ma,blanche-2,6,"Action, Adventure, Thriller"
Bóng Ma,Quinoa1984,5,"Action, Adventure, Thriller"
Bóng Ma,tavm,10,"Action, Adventure, Thriller"
Bóng Ma,BandSAboutMovies,5,"Action, Adventure, Thriller"
Bóng Ma,studioAT,2,"Action, Adventure, Thriller"
Bóng Ma,michaelRokeefe,7,"Action, Adventure, Thriller"
Bóng Ma,bevo-13678,10,"Action, Adventure, Thriller"
Đội Quân Người Chết,Leofwine_draca,6,"Action, Crime, Horror"
Đội Quân Người Chết,SnoopyStyle,5,"Action, Crime, Horror"
Đội Quân Người Chết,Prismark10,6,"Action, Crime, Horror"
Đội Quân Người Chết,nogodnomasters,7,"Action, Crime, Horror"
Đội Quân Người Chết,kosmasp,8,"Action, Crime, Horror"
Đội Quân Người Chết,classicsoncall,6,"Action, Crime, Horror"
Đội Quân Người Chết,BA_Harrison,3,"Action, Crime, Horror"
Đội Quân Người Chết,paul_haakonsen,4,"Action, Crime, Horror"
Đội Quân Người Chết,searchanddestroy-1,7,"Action, Crime, Horror"
Đội Quân Người Chết,LeonLouisRicci,6,"Action, Crime, Horror"
Đội Quân Người Chết,zardoz-13,8,"Action, Crime, Horror"
Đội Quân Người Chết,Calicodreamin,5,"Action, Crime, Horror"
Đội Quân Người Chết,neil-476,6,"Action, Crime, Horror"
Đội Quân Người Chết,bombersflyup,5,"Action, Crime, Horror"
Đội Quân Người Chết,trashgang,8,"Action, Crime, Horror"
Đội Quân Người Chết,siderite,2,"Action, Crime, Horror"
Đội Quân Người Chết,thesar-2,2,"Action, Crime, Horror"
Đội Quân Người Chết,cherold,4,"Action, Crime, Horror"
Đội Quân Người Chết,FeastMode,2,"Action, Crime, Horror"
Đội Quân Người Chết,Cineanalyst,2,"Action, Crime, Horror"
Đội Quân Người Chết,cricketbat,5,"Action, Crime, Horror"
Đội Quân Người Chết,851222,8,"Action, Crime, Horror"
Đội Quân Người Chết,UniqueParticle,8,"Action, Crime, Horror"
Người Nhện,TheLittleSongbird,8,"Action, Adventure, Sci-Fi"
Người Nhện,Leofwine_draca,7,"Action, Adventure, Sci-Fi"
Người Nhện,SnoopyStyle,8,"Action, Adventure, Sci-Fi"
Người Nhện,Hitchcoc,9,"Action, Adventure, Sci-Fi"
Người Nhện,Horst_In_Translation,8,"Action, Adventure, Sci-Fi"
Người Nhện,Prismark10,7,"Action, Adventure, Sci-Fi"
Người Nhện,kosmasp,8,"Action, Adventure, Sci-Fi"
Người Nhện,classicsoncall,8,"Action, Adventure, Sci-Fi"
Người Nhện,lee_eisenberg,10,"Action, Adventure, Sci-Fi"
Người Nhện,jboothmillard,8,"Action, Adventure, Sci-Fi"
Người Nhện,ccthemovieman-1,7,"Action, Adventure, Sci-Fi"
Người Nhện,BA_Harrison,8,"Action, Adventure, Sci-Fi"
Người Nhện,moonspinner55,6,"Action, Adventure, Sci-Fi"
Người Nhện,dbdumonteil,9,"Action, Adventure, Sci-Fi"
Người Nhện,Quinoa1984,9,"Action, Adventure, Sci-Fi"
Người Nhện,wes-connors,7,"Action, Adventure, Sci-Fi"
Người Nhện,michaelRokeefe,7,"Action, Adventure, Sci-Fi"
Người Nhện,sunwarrior13,10,"Action, Adventure, Sci-Fi"
Người Nhện,bevo-13678,10,"Action, Adventure, Sci-Fi"
Người Nhện,hitchcockthelegend,9,"Action, Adventure, Sci-Fi"
Avengers: Hồi Kết,Leofwine_draca,9,"Action, Adventure, Drama"
Avengers: Hồi Kết,SnoopyStyle,8,"Action, Adventure, Drama"
Avengers: Hồi Kết,Horst_In_Translation,6,"Action, Adventure, Drama"
Avengers: Hồi Kết,Prismark10,7,"Action, Adventure, Drama"
Avengers: Hồi Kết,nogodnomasters,9,"Action, Adventure, Drama"
Avengers: Hồi Kết,kosmasp,10,"Action, Adventure, Drama"
Avengers: Hồi Kết,classicsoncall,8,"Action, Adventure, Drama"
Avengers: Hồi Kết,jboothmillard,9,"Action, Adventure, Drama"
Avengers: Hồi Kết,BA_Harrison,7,"Action, Adventure, Drama"
Avengers: Hồi Kết,paul_haakonsen,6,"Action, Adventure, Drama"
Avengers: Hồi Kết,blanche-2,8,"Action, Adventure, Drama"
Avengers: Hồi Kết,tavm,10,"Action, Adventure, Drama"
Avengers: Hồi Kết,BandSAboutMovies,8,"Action, Adventure, Drama"
Avengers: Hồi Kết,bevo-13678,10,"Action, Adventure, Drama"
Avengers: Hồi Kết,CinemaSerf,7,"Action, Adventure, Drama"
Avengers: Hồi Kết,LeonLouisRicci,8,"Action, Adventure, Drama"
Avengers: Hồi Kết,oscaralbert,9,"Action, Adventure, Drama"
Avengers: Hồi Kết,TBJCSKCNRRQTreviews,10,"Action, Adventure, Drama"
Avengers: Hồi Kết,view_and_review,6,"Action, Adventure, Drama"
Avengers: Hồi Kết,george.schmidt,9,"Action, Adventure, Drama"
Avengers: Hồi Kết,ferguson-6,8,"Action, Adventure, Drama"
Avengers: Hồi Kết,FlashCallahan,10,"Action, Adventure, Drama"
Sòng Bạc Hoàng Gia,MartinHafer,9,"Action, Adventure, Thriller"
Sòng Bạc Hoàng Gia,TheLittleSongbird,6,"Action, Adventure, Thriller"
Sòng Bạc Hoàng Gia,Leofwine_draca,10,"Action, Adventure, Thriller"
Sòng Bạc Hoàng Gia,SnoopyStyle,8,"Action, Adventure, Thriller"
Sòng Bạc Hoàng Gia,Hitchcoc,9,"Action, Adventure, Thriller"
Sòng Bạc Hoàng Gia,Horst_In_Translation,8,"Action, Adventure, Thriller"
Sòng Bạc Hoàng Gia,claudio_carvalho,8,"Action, Adventure, Thriller"
Sòng Bạc Hoàng Gia,kosmasp,7,"Action, Adventure, Thriller"
Sòng Bạc Hoàng Gia,classicsoncall,8,"Action, Adventure, Thriller"
Sòng Bạc Hoàng Gia,gavin6942,6,"Action, Adventure, Thriller"
Sòng Bạc Hoàng Gia,lee_eisenberg,4,"Action, Adventure, Thriller"
Sòng Bạc Hoàng Gia,jboothmillard,9,"Action, Adventure, Thriller"
Sòng Bạc Hoàng Gia,ccthemovieman-1,5,"Action, Adventure, Thriller"
Sòng Bạc Hoàng Gia,rmax304823,6,"Action, Adventure, Thriller"
Sòng Bạc Hoàng Gia,Tweekums,9,"Action, Adventure, Thriller"
Sòng Bạc Hoàng Gia,ma-cortes,7,"Action, Adventure, Thriller"
Sòng Bạc Hoàng Gia,BA_Harrison,5,"Action, Adventure, Thriller"
Sòng Bạc Hoàng Gia,moonspinner55,7,"Action, Adventure, Thriller"
Sòng Bạc Hoàng Gia,blanche-2,8,"Action, Adventure, Thriller"
Sòng Bạc Hoàng Gia,Quinoa1984,10,"Action, Adventure, Thriller"
Sòng Bạc Hoàng Gia,tavm,9,"Action, Adventure, Thriller"
Người Nhện: Trở Về Nhà,TheLittleSongbird,8,"Action, Adventure, Sci-Fi"
Người Nhện: Trở Về Nhà,Leofwine_draca,5,"Action, Adventure, Sci-Fi"
Người Nhện: Trở Về Nhà,SnoopyStyle,8,"Action, Adventure, Sci-Fi"
Người Nhện: Trở Về Nhà,Hitchcoc,8,"Action, Adventure, Sci-Fi"
Người Nhện: Trở Về Nhà,Prismark10,5,"Action, Adventure, Sci-Fi"
Người Nhện: Trở Về Nhà,claudio_carvalho,1,"Action, Adventure, Sci-Fi"
Người Nhện: Trở Về Nhà,nogodnomasters,10,"Action, Adventure, Sci-Fi"
Người Nhện: Trở Về Nhà,kosmasp,9,"Action, Adventure, Sci-Fi"
Người Nhện: Trở Về Nhà,classicsoncall,7,"Action, Adventure, Sci-Fi"
Người Nhện: Trở Về Nhà,jboothmillard,8,"Action, Adventure, Sci-Fi"
Người Nhện: Trở Về Nhà,BA_Harrison,6,"Action, Adventure, Sci-Fi"
Người Nhện: Trở Về Nhà,paul_haakonsen,6,"Action, Adventure, Sci-Fi"
Người Nhện: Trở Về Nhà,Quinoa1984,8,"Action, Adventure, Sci-Fi"
Người Nhện: Trở Về Nhà,tavm,8,"Action, Adventure, Sci-Fi"
Người Nhện: Trở Về Nhà,studioAT,3,"Action, Adventure, Sci-Fi"
Người Nhện: Trở Về Nhà,bevo-13678,10,"Action, Adventure, Sci-Fi"
Người Nhện: Trở Về Nhà,CinemaSerf,7,"Action, Adventure, Sci-Fi"
Người Nhện: Trở Về Nhà,LeonLouisRicci,8,"Action, Adventure, Sci-Fi"
Người Nhện: Trở Về Nhà,writers_reign,6,"Action, Adventure, Sci-Fi"
Người Nhện: Trở Về Nhà,TBJCSKCNRRQTreviews,8,"Action, Adventure, Sci-Fi"
Người Nhện: Trở Về Nhà,view_and_review,6,"Action, Adventure, Sci-Fi"
Apex,paul_haakonsen,2,"Action, Thriller"
Apex,deloudelouvain,2,"Action, Thriller"
Apex,Top_Dawg_Critic,3,"Action, Thriller"
Apex,burlesonjesse5,6,"Action, Thriller"
Apex,Xavier_Stone,1,"Action, Thriller"
Apex,solidabs,1,"Action, Thriller"
Apex,dasa108,2,"Action, Thriller"
Apex,carlos-pires,1,"Action, Thriller"
Apex,nebk,2,"Action, Thriller"
Apex,mr-altex,4,"Action, Thriller"
Apex,spipeschi,1,"Action, Thriller"
Apex,edlc1970,1,"Action, Thriller"
Apex,Luv2Spooge,1,"Action, Thriller"
Apex,On_The_Mark,2,"Action, Thriller"
Apex,rchevalier-37303,2,"Action, Thriller"
Apex,frank-liesenborgs,2,"Action, Thriller"
Apex,jonsid57,4,"Action, Thriller"
Apex,Rastifan,1,"Action, Thriller"
Apex,supermellowcali,3,"Action, Thriller"
Apex,jayg_58,3,"Action, Thriller"
Apex,ollivernick,1,"Action, Thriller"
Apex,hydralien-40230,1,"Action, Thriller"
Apex,MennoMan,4,"Action, Thriller"
Apex,craigbenting,6,"Action, Thriller"
Apex,pjcguy-963-677261,2,"Action, Thriller"
Tội Phạm Nhân Bản 2049,TheLittleSongbird,9,"Action, Drama, Sci-Fi"
Tội Phạm Nhân Bản 2049,Leofwine_draca,5,"Action, Drama, Sci-Fi"
Tội Phạm Nhân Bản 2049,SnoopyStyle,9,"Action, Drama, Sci-Fi"
Tội Phạm Nhân Bản 2049,Hitchcoc,10,"Action, Drama, Sci-Fi"
Tội Phạm Nhân Bản 2049,boblipton,9,"Action, Drama, Sci-Fi"
Tội Phạm Nhân Bản 2049,Horst_In_Translation,4,"Action, Drama, Sci-Fi"
Tội Phạm Nhân Bản 2049,Prismark10,7,"Action, Drama, Sci-Fi"
Tội Phạm Nhân Bản 2049,claudio_carvalho,1,"Action, Drama, Sci-Fi"
Tội Phạm Nhân Bản 2049,nogodnomasters,8,"Action, Drama, Sci-Fi"
Tội Phạm Nhân Bản 2049,kosmasp,9,"Action, Drama, Sci-Fi"
Tội Phạm Nhân Bản 2049,Sleepin_Dragon,5,"Action, Drama, Sci-Fi"
Tội Phạm Nhân Bản 2049,classicsoncall,9,"Action, Drama, Sci-Fi"
Tội Phạm Nhân Bản 2049,lee_eisenberg,6,"Action, Drama, Sci-Fi"
Tội Phạm Nhân Bản 2049,jboothmillard,7,"Action, Drama, Sci-Fi"
Tội Phạm Nhân Bản 2049,Tweekums,9,"Action, Drama, Sci-Fi"
Tội Phạm Nhân Bản 2049,michaelRokeefe,7,"Action, Drama, Sci-Fi"
Tội Phạm Nhân Bản 2049,grantss,8,"Action, Drama, Sci-Fi"
Tội Phạm Nhân Bản 2049,Calicodreamin,9,"Action, Drama, Sci-Fi"
Tội Phạm Nhân Bản 2049,oscaralbert,7,"Action, Drama, Sci-Fi"
Tội Phạm Nhân Bản 2049,TBJCSKCNRRQTreviews,10,"Action, Drama, Sci-Fi"
Tội Phạm Nhân Bản 2049,george.schmidt,10,"Action, Drama, Sci-Fi"
Tội Phạm Nhân Bản 2049,evanston_dad,4,"Action, Drama, Sci-Fi"
Người Nhện: Xa Nhà,Leofwine_draca,5,"Action, Adventure, Sci-Fi"
Người Nhện: Xa Nhà,SnoopyStyle,7,"Action, Adventure, Sci-Fi"
Người Nhện: Xa Nhà,claudio_carvalho,6,"Action, Adventure, Sci-Fi"
Người Nhện: Xa Nhà,nogodnomasters,9,"Action, Adventure, Sci-Fi"
Người Nhện: Xa Nhà,kosmasp,8,"Action, Adventure, Sci-Fi"
Người Nhện: Xa Nhà,classicsoncall,7,"Action, Adventure, Sci-Fi"
Người Nhện: Xa Nhà,jboothmillard,6,"Action, Adventure, Sci-Fi"
Người Nhện: Xa Nhà,BA_Harrison,6,"Action, Adventure, Sci-Fi"
Người Nhện: Xa Nhà,paul_haakonsen,7,"Action, Adventure, Sci-Fi"
Người Nhện: Xa Nhà,BandSAboutMovies,7,"Action, Adventure, Sci-Fi"
Người Nhện: Xa Nhà,studioAT,6,"Action, Adventure, Sci-Fi"
Người Nhện: Xa Nhà,bevo-13678,10,"Action, Adventure, Sci-Fi"
Người Nhện: Xa Nhà,CinemaSerf,8,"Action, Adventure, Sci-Fi"
Người Nhện: Xa Nhà,TBJCSKCNRRQTreviews,8,"Action, Adventure, Sci-Fi"
Người Nhện: Xa Nhà,view_and_review,8,"Action, Adventure, Sci-Fi"
Người Nhện: Xa Nhà,george.schmidt,8,"Action, Adventure, Sci-Fi"
Người Nhện: Xa Nhà,FlashCallahan,8,"Action, Adventure, Sci-Fi"
Người Nhện: Xa Nhà,phd_travel,3,"Action, Adventure, Sci-Fi"
Người Nhện: Xa Nhà,Aaron1375,9,"Action, Adventure, Sci-Fi"
Người Nhện: Xa Nhà,trashgang,6,"Action, Adventure, Sci-Fi"
Người Nhện: Xa Nhà,Mr-Fusion,7,"Action, Adventure, Sci-Fi"
Người Nhện: Xa Nhà,siderite,7,"Action, Adventure, Sci-Fi"
Ma Trận,MartinHafer,7,"Action, Sci-Fi"
Ma Trận,TheLittleSongbird,9,"Action, Sci-Fi"
Ma Trận,Leofwine_draca,9,"Action, Sci-Fi"
Ma Trận,SnoopyStyle,9,"Action, Sci-Fi"
Ma Trận,Hitchcoc,9,"Action, Sci-Fi"
Ma Trận,Horst_In_Translation,6,"Action, Sci-Fi"
Ma Trận,Prismark10,7,"Action, Sci-Fi"
Ma Trận,kosmasp,9,"Action, Sci-Fi"
Ma Trận,classicsoncall,9,"Action, Sci-Fi"
Ma Trận,lee_eisenberg,8,"Action, Sci-Fi"
Ma Trận,jboothmillard,10,"Action, Sci-Fi"
Ma Trận,ccthemovieman-1,8,"Action, Sci-Fi"
Ma Trận,Tweekums,10,"Action, Sci-Fi"
Ma Trận,ma-cortes,9,"Action, Sci-Fi"
Ma Trận,BA_Harrison,10,"Action, Sci-Fi"
Ma Trận,moonspinner55,4,"Action, Sci-Fi"
Ma Trận,dbdumonteil,5,"Action, Sci-Fi"
Ma Trận,Quinoa1984,10,"Action, Sci-Fi"
Ma Trận,wes-connors,9,"Action, Sci-Fi"
Ma Trận,michaelRokeefe,7,"Action, Sci-Fi"
Ma Trận,sunwarrior13,10,"Action, Sci-Fi"
Ma Trận,bevo-13678,10,"Action, Sci-Fi"
Người Nhện Siêu Đẳng,MartinHafer,6,"Action, Adventure, Fantasy"
Người Nhện Siêu Đẳng,TheLittleSongbird,6,"Action, Adventure, Fantasy"
Người Nhện Siêu Đẳng,Leofwine_draca,3,"Action, Adventure, Fantasy"
Người Nhện Siêu Đẳng,SnoopyStyle,7,"Action, Adventure, Fantasy"
Người Nhện Siêu Đẳng,Horst_In_Translation,6,"Action, Adventure, Fantasy"
Người Nhện Siêu Đẳng,Prismark10,5,"Action, Adventure, Fantasy"
Người Nhện Siêu Đẳng,claudio_carvalho,6,"Action, Adventure, Fantasy"
Người Nhện Siêu Đẳng,kosmasp,7,"Action, Adventure, Fantasy"
Người Nhện Siêu Đẳng,classicsoncall,8,"Action, Adventure, Fantasy"
Người Nhện Siêu Đẳng,jboothmillard,6,"Action, Adventure, Fantasy"
Người Nhện Siêu Đẳng,BA_Harrison,5,"Action, Adventure, Fantasy"
Người Nhện Siêu Đẳng,paul_haakonsen,6,"Action, Adventure, Fantasy"
Người Nhện Siêu Đẳng,blanche-2,7,"Action, Adventure, Fantasy"
Người Nhện Siêu Đẳng,Quinoa1984,6,"Action, Adventure, Fantasy"
Người Nhện Siêu Đẳng,tavm,7,"Action, Adventure, Fantasy"
Người Nhện Siêu Đẳng,studioAT,3,"Action, Adventure, Fantasy"
Người Nhện Siêu Đẳng,michaelRokeefe,8,"Action, Adventure, Fantasy"
Người Nhện Siêu Đẳng,bevo-13678,10,"Action, Adventure, Fantasy"
Người Nhện Siêu Đẳng,hitchcockthelegend,7,"Action, Adventure, Fantasy"
Người Nhện Siêu Đẳng,Hey_Sweden,6,"Action, Adventure, Fantasy"
Venom,TheLittleSongbird,5,"Action, Adventure, Sci-Fi"
Venom,Leofwine_draca,4,"Action, Adventure, Sci-Fi"
Venom,SnoopyStyle,8,"Action, Adventure, Sci-Fi"
Venom,Prismark10,4,"Action, Adventure, Sci-Fi"
Venom,claudio_carvalho,7,"Action, Adventure, Sci-Fi"
Venom,nogodnomasters,10,"Action, Adventure, Sci-Fi"
Venom,kosmasp,7,"Action, Adventure, Sci-Fi"
Venom,Sleepin_Dragon,8,"Action, Adventure, Sci-Fi"
Venom,classicsoncall,7,"Action, Adventure, Sci-Fi"
Venom,jboothmillard,4,"Action, Adventure, Sci-Fi"
Venom,paul_haakonsen,5,"Action, Adventure, Sci-Fi"
Venom,BandSAboutMovies,4,"Action, Adventure, Sci-Fi"
Venom,BandSAboutMovies,4,"Action, Adventure, Sci-Fi"
Venom,Coventry,5,"Action, Adventure, Sci-Fi"
Venom,michaelRokeefe,7,"Action, Adventure, Sci-Fi"
Venom,CinemaSerf,7,"Action, Adventure, Sci-Fi"
Venom,zardoz-13,10,"Action, Adventure, Sci-Fi"
Venom,TBJCSKCNRRQTreviews,7,"Action, Adventure, Sci-Fi"
Venom,view_and_review,7,"Action, Adventure, Sci-Fi"
Venom,neil-476,7,"Action, Adventure, Sci-Fi"
Venom,ferguson-6,4,"Action, Adventure, Sci-Fi"
Venom,trashgang,8,"Action, Adventure, Sci-Fi"
Kỵ Sĩ Bóng Đêm,MartinHafer,9,"Action, Crime, Drama"
Kỵ Sĩ Bóng Đêm,TheLittleSongbird,8,"Action, Crime, Drama"
Kỵ Sĩ Bóng Đêm,Leofwine_draca,8,"Action, Crime, Drama"
Kỵ Sĩ Bóng Đêm,SnoopyStyle,9,"Action, Crime, Drama"
Kỵ Sĩ Bóng Đêm,Hitchcoc,9,"Action, Crime, Drama"
Kỵ Sĩ Bóng Đêm,Prismark10,7,"Action, Crime, Drama"
Kỵ Sĩ Bóng Đêm,claudio_carvalho,9,"Action, Crime, Drama"
Kỵ Sĩ Bóng Đêm,kosmasp,10,"Action, Crime, Drama"
Kỵ Sĩ Bóng Đêm,classicsoncall,10,"Action, Crime, Drama"
Kỵ Sĩ Bóng Đêm,gavin6942,9,"Action, Crime, Drama"
Kỵ Sĩ Bóng Đêm,lee_eisenberg,9,"Action, Crime, Drama"
Kỵ Sĩ Bóng Đêm,jboothmillard,8,"Action, Crime, Drama"
Kỵ Sĩ Bóng Đêm,ccthemovieman-1,10,"Action, Crime, Drama"
Kỵ Sĩ Bóng Đêm,rmax304823,3,"Action, Crime, Drama"
Kỵ Sĩ Bóng Đêm,Tweekums,10,"Action, Crime, Drama"
Kỵ Sĩ Bóng Đêm,ma-cortes,8,"Action, Crime, Drama"
Kỵ Sĩ Bóng Đêm,BA_Harrison,5,"Action, Crime, Drama"
Kỵ Sĩ Bóng Đêm,moonspinner55,6,"Action, Crime, Drama"
Kỵ Sĩ Bóng Đêm,paul_haakonsen,8,"Action, Crime, Drama"
Kỵ Sĩ Bóng Đêm,Quinoa1984,7,"Action, Crime, Drama"
Kỵ Sĩ Bóng Đêm,tavm,9,"Action, Crime, Drama"
Kỵ Sĩ Bóng Đêm,edwagreen,7,"Action, Crime, Drama"
Quá Nhanh Quá Nguy Hiểm 9: Huyền Thoại Tốc Độ,SnoopyStyle,6,"Action, Crime, Thriller"
Quá Nhanh Quá Nguy Hiểm 9: Huyền Thoại Tốc Độ,Prismark10,6,"Action, Crime, Thriller"
Quá Nhanh Quá Nguy Hiểm 9: Huyền Thoại Tốc Độ,nogodnomasters,6,"Action, Crime, Thriller"
Quá Nhanh Quá Nguy Hiểm 9: Huyền Thoại Tốc Độ,kosmasp,6,"Action, Crime, Thriller"
Quá Nhanh Quá Nguy Hiểm 9: Huyền Thoại Tốc Độ,jboothmillard,5,"Action, Crime, Thriller"
Quá Nhanh Quá Nguy Hiểm 9: Huyền Thoại Tốc Độ,paul_haakonsen,5,"Action, Crime, Thriller"
Quá Nhanh Quá Nguy Hiểm 9: Huyền Thoại Tốc Độ,CinemaSerf,6,"Action, Crime, Thriller"
Quá Nhanh Quá Nguy Hiểm 9: Huyền Thoại Tốc Độ,zardoz-13,5,"Action, Crime, Thriller"
Quá Nhanh Quá Nguy Hiểm 9: Huyền Thoại Tốc Độ,neil-476,7,"Action, Crime, Thriller"
Quá Nhanh Quá Nguy Hiểm 9: Huyền Thoại Tốc Độ,trashgang,6,"Action, Crime, Thriller"
Quá Nhanh Quá Nguy Hiểm 9: Huyền Thoại Tốc Độ,siderite,7,"Action, Crime, Thriller"
Quá Nhanh Quá Nguy Hiểm 9: Huyền Thoại Tốc Độ,thesar-2,3,"Action, Crime, Thriller"
Quá Nhanh Quá Nguy Hiểm 9: Huyền Thoại Tốc Độ,FeastMode,1,"Action, Crime, Thriller"
Quá Nhanh Quá Nguy Hiểm 9: Huyền Thoại Tốc Độ,ThomasDrufke,8,"Action, Crime, Thriller"
Quá Nhanh Quá Nguy Hiểm 9: Huyền Thoại Tốc Độ,A_Different_Drummer,2,"Action, Crime, Thriller"
Quá Nhanh Quá Nguy Hiểm 9: Huyền Thoại Tốc Độ,jack_o_hasanov_imdb,5,"Action, Crime, Thriller"
Quá Nhanh Quá Nguy Hiểm 9: Huyền Thoại Tốc Độ,westsideschl,2,"Action, Crime, Thriller"
Quá Nhanh Quá Nguy Hiểm 9: Huyền Thoại Tốc Độ,851222,7,"Action, Crime, Thriller"
Quá Nhanh Quá Nguy Hiểm 9: Huyền Thoại Tốc Độ,The-Sarkologist,6,"Action, Crime, Thriller"
Quá Nhanh Quá Nguy Hiểm 9: Huyền Thoại Tốc Độ,UniqueParticle,8,"Action, Crime, Thriller"
Trò Chơi Kỳ Ảo: Thăng Cấp,Leofwine_draca,4,"Action, Adventure, Comedy"
Trò Chơi Kỳ Ảo: Thăng Cấp,SnoopyStyle,7,"Action, Adventure, Comedy"
Trò Chơi Kỳ Ảo: Thăng Cấp,boblipton,6,"Action, Adventure, Comedy"
Trò Chơi Kỳ Ảo: Thăng Cấp,Prismark10,5,"Action, Adventure, Comedy"
Trò Chơi Kỳ Ảo: Thăng Cấp,nogodnomasters,7,"Action, Adventure, Comedy"
Trò Chơi Kỳ Ảo: Thăng Cấp,kosmasp,7,"Action, Adventure, Comedy"
Trò Chơi Kỳ Ảo: Thăng Cấp,classicsoncall,7,"Action, Adventure, Comedy"
Trò Chơi Kỳ Ảo: Thăng Cấp,jboothmillard,5,"Action, Adventure, Comedy"
Trò Chơi Kỳ Ảo: Thăng Cấp,Tweekums,8,"Action, Adventure, Comedy"
Trò Chơi Kỳ Ảo: Thăng Cấp,BA_Harrison,5,"Action, Adventure, Comedy"
Trò Chơi Kỳ Ảo: Thăng Cấp,paul_haakonsen,6,"Action, Adventure, Comedy"
Trò Chơi Kỳ Ảo: Thăng Cấp,studioAT,6,"Action, Adventure, Comedy"
Trò Chơi Kỳ Ảo: Thăng Cấp,bevo-13678,10,"Action, Adventure, Comedy"
Trò Chơi Kỳ Ảo: Thăng Cấp,CinemaSerf,7,"Action, Adventure, Comedy"
Trò Chơi Kỳ Ảo: Thăng Cấp,grantss,5,"Action, Adventure, Comedy"
Trò Chơi Kỳ Ảo: Thăng Cấp,Calicodreamin,8,"Action, Adventure, Comedy"
Trò Chơi Kỳ Ảo: Thăng Cấp,view_and_review,7,"Action, Adventure, Comedy"
Trò Chơi Kỳ Ảo: Thăng Cấp,neil-476,9,"Action, Adventure, Comedy"
Trò Chơi Kỳ Ảo: Thăng Cấp,morrison-dylan-fan,8,"Action, Adventure, Comedy"
Trò Chơi Kỳ Ảo: Thăng Cấp,bombersflyup,2,"Action, Adventure, Comedy"
Trò Chơi Kỳ Ảo: Thăng Cấp,phd_travel,6,"Action, Adventure, Comedy"
Trò Chơi Kỳ Ảo: Thăng Cấp,deloudelouvain,8,"Action, Adventure, Comedy"
Trò Chơi Kỳ Ảo: Thăng Cấp,Mr-Fusion,7,"Action, Adventure, Comedy"
Tử Địa Skyfall,MartinHafer,7,"Action, Adventure, Thriller"
Tử Địa Skyfall,TheLittleSongbird,10,"Action, Adventure, Thriller"
Tử Địa Skyfall,Leofwine_draca,7,"Action, Adventure, Thriller"
Tử Địa Skyfall,SnoopyStyle,8,"Action, Adventure, Thriller"
Tử Địa Skyfall,Hitchcoc,6,"Action, Adventure, Thriller"
Tử Địa Skyfall,Horst_In_Translation,8,"Action, Adventure, Thriller"
Tử Địa Skyfall,Prismark10,9,"Action, Adventure, Thriller"
Tử Địa Skyfall,claudio_carvalho,7,"Action, Adventure, Thriller"
Tử Địa Skyfall,nogodnomasters,10,"Action, Adventure, Thriller"
Tử Địa Skyfall,kosmasp,8,"Action, Adventure, Thriller"
Tử Địa Skyfall,classicsoncall,8,"Action, Adventure, Thriller"
Tử Địa Skyfall,gavin6942,7,"Action, Adventure, Thriller"
Tử Địa Skyfall,jboothmillard,10,"Action, Adventure, Thriller"
Tử Địa Skyfall,ccthemovieman-1,9,"Action, Adventure, Thriller"
Tử Địa Skyfall,Tweekums,10,"Action, Adventure, Thriller"
Tử Địa Skyfall,ma-cortes,8,"Action, Adventure, Thriller"
Tử Địa Skyfall,BA_Harrison,6,"Action, Adventure, Thriller"
Tử Địa Skyfall,blanche-2,8,"Action, Adventure, Thriller"
Tử Địa Skyfall,Quinoa1984,10,"Action, Adventure, Thriller"
Tử Địa Skyfall,tavm,9,"Action, Adventure, Thriller"
Tử Địa Skyfall,studioAT,4,"Action, Adventure, Thriller"
Sooryavanshi,SAMTHEBESTEST,6,"Action, Crime, Thriller"
Sooryavanshi,Fella_shibby,1,"Action, Crime, Thriller"
Sooryavanshi,nadkarnisumeet,7,"Action, Crime, Thriller"
Sooryavanshi,user-651-726996,1,"Action, Crime, Thriller"
Sooryavanshi,msunando,5,"Action, Crime, Thriller"
Sooryavanshi,sameerlodaya,5,"Action, Crime, Thriller"
Sooryavanshi,dhavalpithwa,10,"Action, Crime, Thriller"
Sooryavanshi,sunildaswaney-63642,5,"Action, Crime, Thriller"
Sooryavanshi,eldreddsouza,1,"Action, Crime, Thriller"
Sooryavanshi,imdb-ikysmoviedatabase,5,"Action, Crime, Thriller"
Sooryavanshi,rahul000994,10,"Action, Crime, Thriller"
Sooryavanshi,magadalwarmayur,8,"Action, Crime, Thriller"
Sooryavanshi,witra_as,6,"Action, Crime, Thriller"
Sooryavanshi,pawanpunjabithewriter,10,"Action, Crime, Thriller"
Sooryavanshi,sanjubhat,8,"Action, Crime, Thriller"
Sooryavanshi,shaikhirshad-41223,3,"Action, Crime, Thriller"
Sooryavanshi,aniruddhawaghmare,1,"Action, Crime, Thriller"
Sooryavanshi,Prince-the-cat,1,"Action, Crime, Thriller"
Sooryavanshi,grarunkumar1994,6,"Action, Crime, Thriller"
Sooryavanshi,hmaravind-24605,1,"Action, Crime, Thriller"
Sooryavanshi,vluckylkv,1,"Action, Crime, Thriller"
Sooryavanshi,Soul_Snatcher,1,"Action, Crime, Thriller"
Sooryavanshi,laqsheyo,1,"Action, Crime, Thriller"
Sooryavanshi,puranjanbasak,9,"Action, Crime, Thriller"
Sooryavanshi,premmgor,7,"Action, Crime, Thriller"
Chúa Tể Của Những Chiếc Nhẫn: Những Người Bạn Của Nhẫn,TheLittleSongbird,9,"Action, Adventure, Drama"
Chúa Tể Của Những Chiếc Nhẫn: Những Người Bạn Của Nhẫn,Leofwine_draca,10,"Action, Adventure, Drama"
Chúa Tể Của Những Chiếc Nhẫn: Những Người Bạn Của Nhẫn,SnoopyStyle,9,"Action, Adventure, Drama"
Chúa Tể Của Những Chiếc Nhẫn: Những Người Bạn Của Nhẫn,Hitchcoc,10,"Action, Adventure, Drama"
Chúa Tể Của Những Chiếc Nhẫn: Những Người Bạn Của Nhẫn,Horst_In_Translation,6,"Action, Adventure, Drama"
Chúa Tể Của Những Chiếc Nhẫn: Những Người Bạn Của Nhẫn,claudio_carvalho,10,"Action, Adventure, Drama"
Chúa Tể Của Những Chiếc Nhẫn: Những Người Bạn Của Nhẫn,classicsoncall,10,"Action, Adventure, Drama"
Chúa Tể Của Những Chiếc Nhẫn: Những Người Bạn Của Nhẫn,lee_eisenberg,10,"Action, Adventure, Drama"
Chúa Tể Của Những Chiếc Nhẫn: Những Người Bạn Của Nhẫn,jboothmillard,10,"Action, Adventure, Drama"
Chúa Tể Của Những Chiếc Nhẫn: Những Người Bạn Của Nhẫn,ccthemovieman-1,10,"Action, Adventure, Drama"
Chúa Tể Của Những Chiếc Nhẫn: Những Người Bạn Của Nhẫn,Tweekums,9,"Action, Adventure, Drama"
Chúa Tể Của Những Chiếc Nhẫn: Những Người Bạn Của Nhẫn,BA_Harrison,8,"Action, Adventure, Drama"
Chúa Tể Của Những Chiếc Nhẫn: Những Người Bạn Của Nhẫn,moonspinner55,5,"Action, Adventure, Drama"
Chúa Tể Của Những Chiếc Nhẫn: Những Người Bạn Của Nhẫn,paul_haakonsen,7,"Action, Adventure, Drama"
Chúa Tể Của Những Chiếc Nhẫn: Những Người Bạn Của Nhẫn,Quinoa1984,9,"Action, Adventure, Drama"
Chúa Tể Của Những Chiếc Nhẫn: Những Người Bạn Của Nhẫn,wes-connors,8,"Action, Adventure, Drama"
Chúa Tể Của Những Chiếc Nhẫn: Những Người Bạn Của Nhẫn,studioAT,4,"Action, Adventure, Drama"
Chúa Tể Của Những Chiếc Nhẫn: Những Người Bạn Của Nhẫn,sunwarrior13,10,"Action, Adventure, Drama"
Chúa Tể Của Những Chiếc Nhẫn: Những Người Bạn Của Nhẫn,bevo-13678,10,"Action, Adventure, Drama"
Chúa Tể Của Những Chiếc Nhẫn: Những Người Bạn Của Nhẫn,Theo Robertson,10,"Action, Adventure, Drama"
Chúa Tể Của Những Chiếc Nhẫn: Những Người Bạn Của Nhẫn,CinemaSerf,8,"Action, Adventure, Drama"
Người Nhện Siêu Đẳng 2,TheLittleSongbird,5,"Action, Adventure, Fantasy"
Người Nhện Siêu Đẳng 2,Leofwine_draca,4,"Action, Adventure, Fantasy"
Người Nhện Siêu Đẳng 2,SnoopyStyle,6,"Action, Adventure, Fantasy"
Người Nhện Siêu Đẳng 2,Horst_In_Translation,6,"Action, Adventure, Fantasy"
Người Nhện Siêu Đẳng 2,Prismark10,4,"Action, Adventure, Fantasy"
Người Nhện Siêu Đẳng 2,claudio_carvalho,5,"Action, Adventure, Fantasy"
Người Nhện Siêu Đẳng 2,nogodnomasters,10,"Action, Adventure, Fantasy"
Người Nhện Siêu Đẳng 2,kosmasp,6,"Action, Adventure, Fantasy"
Người Nhện Siêu Đẳng 2,classicsoncall,8,"Action, Adventure, Fantasy"
Người Nhện Siêu Đẳng 2,jboothmillard,6,"Action, Adventure, Fantasy"
Người Nhện Siêu Đẳng 2,paul_haakonsen,4,"Action, Adventure, Fantasy"
Người Nhện Siêu Đẳng 2,tavm,9,"Action, Adventure, Fantasy"
Người Nhện Siêu Đẳng 2,studioAT,3,"Action, Adventure, Fantasy"
Người Nhện Siêu Đẳng 2,michaelRokeefe,7,"Action, Adventure, Fantasy"
Người Nhện Siêu Đẳng 2,bevo-13678,10,"Action, Adventure, Fantasy"
Người Nhện Siêu Đẳng 2,hitchcockthelegend,6,"Action, Adventure, Fantasy"
Người Nhện Siêu Đẳng 2,Theo Robertson,7,"Action, Adventure, Fantasy"
Người Nhện Siêu Đẳng 2,LeonLouisRicci,7,"Action, Adventure, Fantasy"
Người Nhện Siêu Đẳng 2,utgard14,6,"Action, Adventure, Fantasy"
Người Nhện Siêu Đẳng 2,zardoz-13,8,"Action, Adventure, Fantasy"
Người Nhện Siêu Đẳng 2,grantss,6,"Action, Adventure, Fantasy"
Người Nhện Siêu Đẳng 2,grantss,6,"Action, Adventure, Fantasy"
Zeros and Ones,Top_Dawg_Critic,2,"Action, Adventure, Drama"
Zeros and Ones,kwenchow,1,"Action, Adventure, Drama"
Zeros and Ones,yusufpiskin,7,"Action, Adventure, Drama"
Zeros and Ones,Horror_Flick_Fanatic,1,"Action, Adventure, Drama"
Zeros and Ones,celt007,1,"Action, Adventure, Drama"
Zeros and Ones,jcriche,3,"Action, Adventure, Drama"
Zeros and Ones,teutonfirst,1,"Action, Adventure, Drama"
Zeros and Ones,frank-liesenborgs,3,"Action, Adventure, Drama"
Zeros and Ones,thao,9,"Action, Adventure, Drama"
Zeros and Ones,supermellowcali,2,"Action, Adventure, Drama"
Zeros and Ones,sanjsrik,1,"Action, Adventure, Drama"
Zeros and Ones,rachbruno,1,"Action, Adventure, Drama"
Zeros and Ones,mjschiller-105-313340,1,"Action, Adventure, Drama"
Zeros and Ones,BornKnight,2,"Action, Adventure, Drama"
Zeros and Ones,dlbott,1,"Action, Adventure, Drama"
Zeros and Ones,bencrea,1,"Action, Adventure, Drama"
Zeros and Ones,aliblahblah,1,"Action, Adventure, Drama"
Zeros and Ones,Cosmotron42O,2,"Action, Adventure, Drama"
Zeros and Ones,conyo,2,"Action, Adventure, Drama"
Zeros and Ones,mckeen-13639,1,"Action, Adventure, Drama"
Zeros and Ones,HorrorFilmHellion,1,"Action, Adventure, Drama"
Zeros and Ones,esteemdancers-1,8,"Action, Adventure, Drama"
Zeros and Ones,na-09069,2,"Action, Adventure, Drama"
Zeros and Ones,gekkepoppetje,2,"Action, Adventure, Drama"
Zeros and Ones,bajaharley,1,"Action, Adventure, Drama"
Thế Chiến 1917,MartinHafer,9,"Action, Drama, War"
Thế Chiến 1917,TheLittleSongbird,10,"Action, Drama, War"
Thế Chiến 1917,Leofwine_draca,6,"Action, Drama, War"
Thế Chiến 1917,SnoopyStyle,8,"Action, Drama, War"
Thế Chiến 1917,Hitchcoc,10,"Action, Drama, War"
Thế Chiến 1917,boblipton,8,"Action, Drama, War"
Thế Chiến 1917,Horst_In_Translation,6,"Action, Drama, War"
Thế Chiến 1917,Prismark10,6,"Action, Drama, War"
Thế Chiến 1917,claudio_carvalho,7,"Action, Drama, War"
Thế Chiến 1917,nogodnomasters,6,"Action, Drama, War"
Thế Chiến 1917,kosmasp,10,"Action, Drama, War"
Thế Chiến 1917,Sleepin_Dragon,10,"Action, Drama, War"
Thế Chiến 1917,classicsoncall,10,"Action, Drama, War"
Thế Chiến 1917,lee_eisenberg,10,"Action, Drama, War"
Thế Chiến 1917,jboothmillard,10,"Action, Drama, War"
Thế Chiến 1917,BA_Harrison,8,"Action, Drama, War"
Thế Chiến 1917,paul_haakonsen,5,"Action, Drama, War"
Thế Chiến 1917,Quinoa1984,7,"Action, Drama, War"
Thế Chiến 1917,BandSAboutMovies,4,"Action, Drama, War"
Thế Chiến 1917,studioAT,7,"Action, Drama, War"
Thế Chiến 1917,michaelRokeefe,8,"Action, Drama, War"
Thế Chiến 1917,bevo-13678,10,"Action, Drama, War"
Người Nhện 3,TheLittleSongbird,6,"Action, Adventure, Sci-Fi"
Người Nhện 3,Leofwine_draca,5,"Action, Adventure, Sci-Fi"
Người Nhện 3,SnoopyStyle,6,"Action, Adventure, Sci-Fi"
Người Nhện 3,Hitchcoc,8,"Action, Adventure, Sci-Fi"
Người Nhện 3,Horst_In_Translation,6,"Action, Adventure, Sci-Fi"
Người Nhện 3,claudio_carvalho,8,"Action, Adventure, Sci-Fi"
Người Nhện 3,kosmasp,5,"Action, Adventure, Sci-Fi"
Người Nhện 3,classicsoncall,7,"Action, Adventure, Sci-Fi"
Người Nhện 3,gavin6942,7,"Action, Adventure, Sci-Fi"
Người Nhện 3,jboothmillard,6,"Action, Adventure, Sci-Fi"
Người Nhện 3,ccthemovieman-1,9,"Action, Adventure, Sci-Fi"
Người Nhện 3,BA_Harrison,3,"Action, Adventure, Sci-Fi"
Người Nhện 3,Quinoa1984,8,"Action, Adventure, Sci-Fi"
Người Nhện 3,tavm,9,"Action, Adventure, Sci-Fi"
Người Nhện 3,edwagreen,5,"Action, Adventure, Sci-Fi"
Người Nhện 3,studioAT,3,"Action, Adventure, Sci-Fi"
Người Nhện 3,michaelRokeefe,6,"Action, Adventure, Sci-Fi"
Người Nhện 3,sunwarrior13,9,"Action, Adventure, Sci-Fi"
Người Nhện 3,bevo-13678,10,"Action, Adventure, Sci-Fi"
Người Nhện 3,hitchcockthelegend,7,"Action, Adventure, Sci-Fi"
Người Nhện 3,Doylenf,7,"Action, Adventure, Sci-Fi"
Tenet,Leofwine_draca,7,"Action, Sci-Fi, Thriller"
Tenet,SnoopyStyle,7,"Action, Sci-Fi, Thriller"
Tenet,Horst_In_Translation,4,"Action, Sci-Fi, Thriller"
Tenet,Prismark10,6,"Action, Sci-Fi, Thriller"
Tenet,claudio_carvalho,5,"Action, Sci-Fi, Thriller"
Tenet,nogodnomasters,5,"Action, Sci-Fi, Thriller"
Tenet,kosmasp,10,"Action, Sci-Fi, Thriller"
Tenet,Sleepin_Dragon,8,"Action, Sci-Fi, Thriller"
Tenet,classicsoncall,8,"Action, Sci-Fi, Thriller"
Tenet,lee_eisenberg,7,"Action, Sci-Fi, Thriller"
Tenet,jboothmillard,4,"Action, Sci-Fi, Thriller"
Tenet,Tweekums,9,"Action, Sci-Fi, Thriller"
Tenet,CinemaSerf,6,"Action, Sci-Fi, Thriller"
Tenet,LeonLouisRicci,6,"Action, Sci-Fi, Thriller"
Tenet,grantss,6,"Action, Sci-Fi, Thriller"
Tenet,Calicodreamin,8,"Action, Sci-Fi, Thriller"
Tenet,TBJCSKCNRRQTreviews,10,"Action, Sci-Fi, Thriller"
Tenet,view_and_review,8,"Action, Sci-Fi, Thriller"
Tenet,neil-476,5,"Action, Sci-Fi, Thriller"
Tenet,morrison-dylan-fan,9,"Action, Sci-Fi, Thriller"
Tenet,deloudelouvain,7,"Action, Sci-Fi, Thriller"
Tenet,siderite,8,"Action, Sci-Fi, Thriller"
Kẻ Nguyền Ta Chết,Leofwine_draca,3,"Action, Crime, Drama"
Kẻ Nguyền Ta Chết,SnoopyStyle,6,"Action, Crime, Drama"
Kẻ Nguyền Ta Chết,kosmasp,7,"Action, Crime, Drama"
Kẻ Nguyền Ta Chết,classicsoncall,7,"Action, Crime, Drama"
Kẻ Nguyền Ta Chết,jboothmillard,6,"Action, Crime, Drama"
Kẻ Nguyền Ta Chết,paul_haakonsen,6,"Action, Crime, Drama"
Kẻ Nguyền Ta Chết,zardoz-13,5,"Action, Crime, Drama"
Kẻ Nguyền Ta Chết,Calicodreamin,8,"Action, Crime, Drama"
Kẻ Nguyền Ta Chết,neil-476,6,"Action, Crime, Drama"
Kẻ Nguyền Ta Chết,ferguson-6,5,"Action, Crime, Drama"
Kẻ Nguyền Ta Chết,morrison-dylan-fan,7,"Action, Crime, Drama"
Kẻ Nguyền Ta Chết,FeastMode,6,"Action, Crime, Drama"
Kẻ Nguyền Ta Chết,Cineanalyst,5,"Action, Crime, Drama"
Kẻ Nguyền Ta Chết,A_Different_Drummer,6,"Action, Crime, Drama"
Kẻ Nguyền Ta Chết,851222,7,"Action, Crime, Drama"
Kẻ Nguyền Ta Chết,ops-52535,7,"Action, Crime, Drama"
Kẻ Nguyền Ta Chết,UniqueParticle,8,"Action, Crime, Drama"
Kẻ Nguyền Ta Chết,paulclaassen,4,"Action, Crime, Drama"
Kẻ Nguyền Ta Chết,Thanos_Alfie,6,"Action, Crime, Drama"
Kẻ Nguyền Ta Chết,cruise01,6,"Action, Crime, Drama"
Kẻ Nguyền Ta Chết,eddie_baggins,5,"Action, Crime, Drama"
Kẻ Nguyền Ta Chết,Top_Dawg_Critic,6,"Action, Crime, Drama"
Võ Sĩ Giác Đấu,MartinHafer,8,"Action, Adventure, Drama"
Võ Sĩ Giác Đấu,TheLittleSongbird,9,"Action, Adventure, Drama"
Võ Sĩ Giác Đấu,bkoganbing,8,"Action, Adventure, Drama"
Võ Sĩ Giác Đấu,Leofwine_draca,9,"Action, Adventure, Drama"
Võ Sĩ Giác Đấu,SnoopyStyle,8,"Action, Adventure, Drama"
Võ Sĩ Giác Đấu,Hitchcoc,7,"Action, Adventure, Drama"
Võ Sĩ Giác Đấu,kosmasp,8,"Action, Adventure, Drama"
Võ Sĩ Giác Đấu,classicsoncall,9,"Action, Adventure, Drama"
Võ Sĩ Giác Đấu,gavin6942,7,"Action, Adventure, Drama"
Võ Sĩ Giác Đấu,lee_eisenberg,7,"Action, Adventure, Drama"
Võ Sĩ Giác Đấu,jboothmillard,9,"Action, Adventure, Drama"
Võ Sĩ Giác Đấu,ccthemovieman-1,8,"Action, Adventure, Drama"
Võ Sĩ Giác Đấu,rmax304823,6,"Action, Adventure, Drama"
Võ Sĩ Giác Đấu,ma-cortes,8,"Action, Adventure, Drama"
Võ Sĩ Giác Đấu,BA_Harrison,9,"Action, Adventure, Drama"
Võ Sĩ Giác Đấu,moonspinner55,6,"Action, Adventure, Drama"
Võ Sĩ Giác Đấu,dbdumonteil,5,"Action, Adventure, Drama"
Võ Sĩ Giác Đấu,Quinoa1984,9,"Action, Adventure, Drama"
Võ Sĩ Giác Đấu,michaelRokeefe,8,"Action, Adventure, Drama"
Võ Sĩ Giác Đấu,sunwarrior13,10,"Action, Adventure, Drama"
Liên Minh Công Lý - Phiên bản của Zack Snyder,Leofwine_draca,6,"Action, Adventure, Fantasy"
Liên Minh Công Lý - Phiên bản của Zack Snyder,SnoopyStyle,7,"Action, Adventure, Fantasy"
Liên Minh Công Lý - Phiên bản của Zack Snyder,Prismark10,8,"Action, Adventure, Fantasy"
Liên Minh Công Lý - Phiên bản của Zack Snyder,nogodnomasters,8,"Action, Adventure, Fantasy"
Liên Minh Công Lý - Phiên bản của Zack Snyder,kosmasp,6,"Action, Adventure, Fantasy"
Liên Minh Công Lý - Phiên bản của Zack Snyder,classicsoncall,8,"Action, Adventure, Fantasy"
Liên Minh Công Lý - Phiên bản của Zack Snyder,grantss,3,"Action, Adventure, Fantasy"
Liên Minh Công Lý - Phiên bản của Zack Snyder,TBJCSKCNRRQTreviews,5,"Action, Adventure, Fantasy"
Liên Minh Công Lý - Phiên bản của Zack Snyder,neil-476,7,"Action, Adventure, Fantasy"
Liên Minh Công Lý - Phiên bản của Zack Snyder,siderite,9,"Action, Adventure, Fantasy"
Liên Minh Công Lý - Phiên bản của Zack Snyder,cherold,7,"Action, Adventure, Fantasy"
Liên Minh Công Lý - Phiên bản của Zack Snyder,FeastMode,7,"Action, Adventure, Fantasy"
Liên Minh Công Lý - Phiên bản của Zack Snyder,Pjtaylor-96-138044,6,"Action, Adventure, Fantasy"
Liên Minh Công Lý - Phiên bản của Zack Snyder,Edvis-1997,8,"Action, Adventure, Fantasy"
Liên Minh Công Lý - Phiên bản của Zack Snyder,Cineanalyst,5,"Action, Adventure, Fantasy"
Liên Minh Công Lý - Phiên bản của Zack Snyder,cricketbat,8,"Action, Adventure, Fantasy"
Liên Minh Công Lý - Phiên bản của Zack Snyder,A_Different_Drummer,10,"Action, Adventure, Fantasy"
Liên Minh Công Lý - Phiên bản của Zack Snyder,jack_o_hasanov_imdb,8,"Action, Adventure, Fantasy"
Liên Minh Công Lý - Phiên bản của Zack Snyder,851222,8,"Action, Adventure, Fantasy"
Liên Minh Công Lý - Phiên bản của Zack Snyder,jacobjohntaylor1,9,"Action, Adventure, Fantasy"
Liên Minh Công Lý - Phiên bản của Zack Snyder,ops-52535,8,"Action, Adventure, Fantasy"
Liên Minh Công Lý - Phiên bản của Zack Snyder,Thanos_Alfie,7,"Action, Adventure, Fantasy"
Liên Minh Công Lý - Phiên bản của Zack Snyder,cruise01,10,"Action, Adventure, Fantasy"
Kẻ Vô Danh,SnoopyStyle,6,"Action, Crime, Drama"
Kẻ Vô Danh,boblipton,7,"Action, Crime, Drama"
Kẻ Vô Danh,Prismark10,6,"Action, Crime, Drama"
Kẻ Vô Danh,nogodnomasters,9,"Action, Crime, Drama"
Kẻ Vô Danh,kosmasp,9,"Action, Crime, Drama"
Kẻ Vô Danh,jboothmillard,7,"Action, Crime, Drama"
Kẻ Vô Danh,paul_haakonsen,7,"Action, Crime, Drama"
Kẻ Vô Danh,Quinoa1984,7,"Action, Crime, Drama"
Kẻ Vô Danh,bevo-13678,10,"Action, Crime, Drama"
Kẻ Vô Danh,CinemaSerf,6,"Action, Crime, Drama"
Kẻ Vô Danh,zardoz-13,10,"Action, Crime, Drama"
Kẻ Vô Danh,grantss,4,"Action, Crime, Drama"
Kẻ Vô Danh,Calicodreamin,8,"Action, Crime, Drama"
Kẻ Vô Danh,oscaralbert,8,"Action, Crime, Drama"
Kẻ Vô Danh,neil-476,8,"Action, Crime, Drama"
Kẻ Vô Danh,ferguson-6,6,"Action, Crime, Drama"
Kẻ Vô Danh,trashgang,10,"Action, Crime, Drama"
Kẻ Vô Danh,deloudelouvain,8,"Action, Crime, Drama"
Kẻ Vô Danh,siderite,6,"Action, Crime, Drama"
Kẻ Vô Danh,FeastMode,5,"Action, Crime, Drama"
Kẻ Vô Danh,Pjtaylor-96-138044,7,"Action, Crime, Drama"
Kẻ Vô Danh,Cineanalyst,7,"Action, Crime, Drama"
